{
  "params": {
    "N": 5000,
    "M": 80,
    "alpha": 2.0,
    "zeta_k": 50
  },
  "counts": {
    "E_local_minima": 1687,
    "RII_local_maxima": 2077
  },
  "prime_rates": {
    "baseline": 0.13382676535307061,
    "E_minima_precision": 0.31890930646117366,
    "RII_maxima_precision": 0.30524795377948966,
    "perm_minima_precision": 0.14107883817427386
  },
  "lift": {
    "E_minima": 2.3830009312397715,
    "RII_maxima": 2.280918566432988
  },
  "spectral": {
    "top_freq_bins_E": [
      {
        "bin": 2499,
        "power": 557384117.2927927
      },
      {
        "bin": 1666,
        "power": 380717301.73276275
      },
      {
        "bin": 1250,
        "power": 255909513.01032224
      },
      {
        "bin": 1000,
        "power": 172579088.5973524
      },
      {
        "bin": 833,
        "power": 120020125.99985677
      },
      {
        "bin": 2000,
        "power": 106684351.86397046
      },
      {
        "bin": 1667,
        "power": 101620665.10300654
      },
      {
        "bin": 714,
        "power": 90982864.06265728
      },
      {
        "bin": 625,
        "power": 74180949.44155422
      },
      {
        "bin": 1428,
        "power": 63283350.488833725
      }
    ],
    "top_freq_bins_RII": [
      {
        "bin": 2499,
        "power": 8917416131.777233
      },
      {
        "bin": 1666,
        "power": 3459169474.204777
      },
      {
        "bin": 2000,
        "power": 1383858253.9023633
      },
      {
        "bin": 1250,
        "power": 1008961964.0287688
      },
      {
        "bin": 2498,
        "power": 990362742.0964065
      },
      {
        "bin": 1667,
        "power": 898010280.0517498
      },
      {
        "bin": 2142,
        "power": 646933674.0802376
      },
      {
        "bin": 1999,
        "power": 643542714.0674475
      },
      {
        "bin": 2222,
        "power": 540155193.9135159
      },
      {
        "bin": 1875,
        "power": 441806514.9203088
      }
    ],
    "rmax_spacing_stats_unfolded": {
      "count": 2076,
      "mean": 1.0,
      "std": 0.3001093923785388,
      "p10": 0.8310648518815053,
      "p50": 0.8310648518815053,
      "p90": 1.6621297037630105
    },
    "zeta_spacing_stats_unfolded": {
      "count": 49,
      "mean": 0.9999999999999999,
      "std": 0.4518701930883554,
      "p10": 0.526849549670816,
      "p50": 0.929099088007776,
      "p90": 1.5375840645847423
    },
    "ks_stat_unfolded_rmax_vs_zeta": 0.40816326530612246
  }
}